<?xml version="1.0" encoding="UTF-8"?><jasperReport xmlns="http://jasperreports.sourceforge.net/jasperreports" xmlns:xsi="http://www.w3.org/2001/XMLSchema-instance" xsi:schemaLocation="http://jasperreports.sourceforge.net/jasperreports http://jasperreports.sourceforge.net/xsd/jasperreport.xsd" name="classic" columnCount="1" printOrder="Vertical" orientation="Landscape" pageWidth="842" pageHeight="595" columnWidth="822" columnSpacing="0" leftMargin="10" rightMargin="10" topMargin="20" bottomMargin="20" whenNoDataType="NoPages" isTitleNewPage="false" isSummaryNewPage="false" isSummaryWithPageHeaderAndFooter="false" isFloatColumnFooter="false" isIgnorePagination="false"><style name="Barcode" isDefault="false" fontName="Helvetica" fontSize="10" /><parameter name="reportlogo" class="java.lang.String" /><parameter name="SYS_DW_SUB_REP_PATH" isForPrompting="true" class="java.lang.String"><parameterDescription /><defaultValueExpression /></parameter><parameter name="SYS_DW_SUB_REP_CON" isForPrompting="true" class="java.lang.Object"><parameterDescription /><defaultValueExpression /></parameter><parameter name="SYS_DW_WEB_URL" isForPrompting="true" class="java.lang.String"><parameterDescription /><defaultValueExpression /></parameter><queryString language="XPath">ReportDataInput/ReportInformation[@ReportName='generate_hard_time_component_report']/ReportDataSource/XMLDataSource/generate_hard_time_component_report/ROW</queryString><field name="generate_hard_time_component_report.ac_model" class="java.lang.String"><fieldDescription>generate_hard_time_component_report.ac_model</fieldDescription></field><field name="generate_hard_time_component_report.ac_reg_number" class="java.lang.String"><fieldDescription>generate_hard_time_component_report.ac_reg_number</fieldDescription></field><field name="generate_hard_time_component_report.aircraft_reg_no_hdr" class="java.lang.String"><fieldDescription>generate_hard_time_component_report.aircraft_reg_no_hdr</fieldDescription></field><field name="generate_hard_time_component_report.csn_hdr" class="java.lang.String"><fieldDescription>generate_hard_time_component_report.csn_hdr</fieldDescription></field><field name="generate_hard_time_component_report.dummy_hdr" class="java.lang.String"><fieldDescription>generate_hard_time_component_report.dummy_hdr</fieldDescription></field><field name="generate_hard_time_component_report.hidden_int" class="java.lang.Integer"><fieldDescription>generate_hard_time_component_report.hidden_int</fieldDescription></field><field name="generate_hard_time_component_report.htc_add1_hdr" class="java.lang.String"><fieldDescription>generate_hard_time_component_report.htc_add1_hdr</fieldDescription></field><field name="generate_hard_time_component_report.htc_add2_hdr" class="java.lang.String"><fieldDescription>generate_hard_time_component_report.htc_add2_hdr</fieldDescription></field><field name="generate_hard_time_component_report.rpt_gen_date_hdr" class="java.lang.String"><fieldDescription>generate_hard_time_component_report.rpt_gen_date_hdr</fieldDescription></field><field name="generate_hard_time_component_report.tsn_hdr" class="java.lang.String"><fieldDescription>generate_hard_time_component_report.tsn_hdr</fieldDescription></field><field name="generate_hard_time_component_report.dummys_dtl" class="java.lang.String"><fieldDescription>generate_hard_time_component_report.dummys_dtl</fieldDescription></field><field name="generate_hard_time_component_report.dummys_dtl1" class="java.lang.String"><fieldDescription>generate_hard_time_component_report.dummys_dtl1</fieldDescription></field><field name="generate_hard_time_component_report.dummys_dtl2" class="java.lang.String"><fieldDescription>generate_hard_time_component_report.dummys_dtl2</fieldDescription></field><field name="generate_hard_time_component_report.dummys_dtl3" class="java.lang.String"><fieldDescription>generate_hard_time_component_report.dummys_dtl3</fieldDescription></field><field name="generate_hard_time_component_report.dummys_dtl4" class="java.lang.String"><fieldDescription>generate_hard_time_component_report.dummys_dtl4</fieldDescription></field><field name="generate_hard_time_component_report.dummys_dtl5" class="java.lang.String"><fieldDescription>generate_hard_time_component_report.dummys_dtl5</fieldDescription></field><field name="generate_hard_time_component_report.htc_ac_usage_val" class="java.lang.String"><fieldDescription>generate_hard_time_component_report.htc_ac_usage_val</fieldDescription></field><field name="generate_hard_time_component_report.htc_ata_no" class="java.lang.String"><fieldDescription>generate_hard_time_component_report.htc_ata_no</fieldDescription></field><field name="generate_hard_time_component_report.htc_due_in_terms_of_ac" class="java.lang.String"><fieldDescription>generate_hard_time_component_report.htc_due_in_terms_of_ac</fieldDescription></field><field name="generate_hard_time_component_report.htc_interval" class="java.lang.String"><fieldDescription>generate_hard_time_component_report.htc_interval</fieldDescription></field><field name="generate_hard_time_component_report.htc_last_performed_date" class="java.lang.String"><fieldDescription>generate_hard_time_component_report.htc_last_performed_date</fieldDescription></field><field name="generate_hard_time_component_report.htc_last_performed_value" class="java.lang.String"><fieldDescription>generate_hard_time_component_report.htc_last_performed_value</fieldDescription></field><field name="generate_hard_time_component_report.htc_next_scheduled_date" class="java.lang.String"><fieldDescription>generate_hard_time_component_report.htc_next_scheduled_date</fieldDescription></field><field name="generate_hard_time_component_report.htc_next_scheduled_value" class="java.lang.String"><fieldDescription>generate_hard_time_component_report.htc_next_scheduled_value</fieldDescription></field><field name="generate_hard_time_component_report.htc_parameter" class="java.lang.String"><fieldDescription>generate_hard_time_component_report.htc_parameter</fieldDescription></field><field name="generate_hard_time_component_report.htc_part_desc" class="java.lang.String"><fieldDescription>generate_hard_time_component_report.htc_part_desc</fieldDescription></field><field name="generate_hard_time_component_report.htc_part_no" class="java.lang.String"><fieldDescription>generate_hard_time_component_report.htc_part_no</fieldDescription></field><field name="generate_hard_time_component_report.htc_remaining_hours" class="java.lang.String"><fieldDescription>generate_hard_time_component_report.htc_remaining_hours</fieldDescription></field><field name="generate_hard_time_component_report.htc_serial_no" class="java.lang.String"><fieldDescription>generate_hard_time_component_report.htc_serial_no</fieldDescription></field><field name="generate_hard_time_component_report.htc_sr_no" class="java.lang.String"><fieldDescription>generate_hard_time_component_report.htc_sr_no</fieldDescription></field><field name="generate_hard_time_component_report.htc_task_desc" class="java.lang.String"><fieldDescription>generate_hard_time_component_report.htc_task_desc</fieldDescription></field><field name="generate_hard_time_component_report.htc_time_unit" class="java.lang.String"><fieldDescription>generate_hard_time_component_report.htc_time_unit</fieldDescription></field><field name="generate_hard_time_component_report.htc_tcn" class="java.lang.String"><fieldDescription>generate_hard_time_component_report.htc_tcn</fieldDescription></field><field name="generate_hard_time_component_report.htc_csn" class="java.lang.String"><fieldDescription>generate_hard_time_component_report.htc_csn</fieldDescription></field><field name="generate_hard_time_component_report.htc_last_Complied_exec" class="java.lang.String"><fieldDescription>generate_hard_time_component_report.htc_last_Complied_exec</fieldDescription></field><field name="generate_hard_time_component_report.htc_ac_reg_no" class="java.lang.String"><fieldDescription>generate_hard_time_component_report.htc_ac_reg_no</fieldDescription></field><group name="group1" isStartNewColumn="false" isStartNewPage="true" isResetPageNumber="false" isReprintHeaderOnEachPage="true" minHeightToStartNewPage="30" keepTogether="true"><groupExpression> ( ( $F{generate_hard_time_component_report.dummys_dtl4} ) + "" )</groupExpression><groupHeader><band height="90" splitType="Stretch"><staticText><reportElement mode="Opaque" x="0" y="20" width="129" height="20" forecolor="#000000" backcolor="#FFFFFF" key="element-16" stretchType="NoStretch" positionType="FixRelativeToTop" isPrintRepeatedValues="true" isRemoveLineWhenBlank="false" isPrintInFirstWholeBand="false" isPrintWhenDetailOverflows="false" /><box topPadding="0" leftPadding="3" bottomPadding="0" rightPadding="0"><pen lineWidth="0.0" /><topPen lineWidth="0" lineStyle="Solid" lineColor="#000000" /><leftPen lineWidth="0.5" lineStyle="Solid" lineColor="#000000" /><bottomPen lineWidth="0.5" lineStyle="Solid" lineColor="#000000" /><rightPen lineWidth="0" lineStyle="Solid" lineColor="#000000" /></box><textElement textAlignment="Left" verticalAlignment="Middle"><font fontName="Arial" pdfFontName="Arial" size="10" isBold="true" isItalic="false" isUnderline="false" isPdfEmbedded="true" pdfEncoding="CP1252" isStrikeThrough="false" /></textElement><text>Report Generation Date :</text></staticText><staticText><reportElement mode="Opaque" x="561" y="20" width="100" height="20" forecolor="#000000" backcolor="#FFFFFF" key="element-17" stretchType="NoStretch" positionType="FixRelativeToTop" isPrintRepeatedValues="true" isRemoveLineWhenBlank="false" isPrintInFirstWholeBand="false" isPrintWhenDetailOverflows="false" /><box topPadding="0" leftPadding="0" bottomPadding="0" rightPadding="0"><pen lineWidth="0.0" /><topPen lineWidth="0" lineStyle="Solid" lineColor="#000000" /><leftPen lineWidth="0" lineStyle="Solid" lineColor="#000000" /><bottomPen lineWidth="0.5" lineStyle="Solid" lineColor="#000000" /><rightPen lineWidth="0" lineStyle="Solid" lineColor="#000000" /></box><textElement textAlignment="Center" verticalAlignment="Middle"><font fontName="Arial" pdfFontName="Arial" size="10" isBold="true" isItalic="false" isUnderline="false" isPdfEmbedded="true" pdfEncoding="CP1252" isStrikeThrough="false" /></textElement><text>CSN  :</text></staticText><staticText><reportElement mode="Opaque" x="0" y="0" width="129" height="20" forecolor="#000000" backcolor="#FFFFFF" key="element-18" stretchType="NoStretch" positionType="FixRelativeToTop" isPrintRepeatedValues="true" isRemoveLineWhenBlank="false" isPrintInFirstWholeBand="false" isPrintWhenDetailOverflows="false" /><box topPadding="0" leftPadding="3" bottomPadding="0" rightPadding="0"><pen lineWidth="0.0" /><topPen lineWidth="0.5" lineStyle="Solid" lineColor="#000000" /><leftPen lineWidth="0.5" lineStyle="Solid" lineColor="#000000" /><bottomPen lineWidth="0" lineStyle="Solid" lineColor="#000000" /><rightPen lineWidth="0" lineStyle="Solid" lineColor="#000000" /></box><textElement textAlignment="Left" verticalAlignment="Middle"><font fontName="Arial" pdfFontName="Arial" size="10" isBold="true" isItalic="false" isUnderline="false" isPdfEmbedded="true" pdfEncoding="CP1252" isStrikeThrough="false" /></textElement><text>Aircraft Reg #</text></staticText><staticText><reportElement mode="Opaque" x="561" y="0" width="100" height="20" forecolor="#000000" backcolor="#FFFFFF" key="element-19" stretchType="NoStretch" positionType="FixRelativeToTop" isPrintRepeatedValues="true" isRemoveLineWhenBlank="false" isPrintInFirstWholeBand="false" isPrintWhenDetailOverflows="false" /><box topPadding="0" leftPadding="0" bottomPadding="0" rightPadding="0"><pen lineWidth="0.0" /><topPen lineWidth="0.5" lineStyle="Solid" lineColor="#000000" /><leftPen lineWidth="0" lineStyle="Solid" lineColor="#000000" /><bottomPen lineWidth="0" lineStyle="Solid" lineColor="#000000" /><rightPen lineWidth="0" lineStyle="Solid" lineColor="#000000" /></box><textElement textAlignment="Center" verticalAlignment="Middle"><font fontName="Arial" pdfFontName="Arial" size="10" isBold="true" isItalic="false" isUnderline="false" isPdfEmbedded="true" pdfEncoding="CP1252" isStrikeThrough="false" /></textElement><text>TSN  :</text></staticText><staticText><reportElement mode="Opaque" x="0" y="40" width="20" height="50" forecolor="#000000" backcolor="#FFFFFF" key="element-20" stretchType="NoStretch" positionType="FixRelativeToTop" isPrintRepeatedValues="true" isRemoveLineWhenBlank="false" isPrintInFirstWholeBand="false" isPrintWhenDetailOverflows="false" /><box topPadding="0" leftPadding="0" bottomPadding="0" rightPadding="0"><pen lineWidth="0.0" /><topPen lineWidth="0.5" lineStyle="Solid" lineColor="#000000" /><leftPen lineWidth="0.5" lineStyle="Solid" lineColor="#000000" /><bottomPen lineWidth="0.5" lineStyle="Solid" lineColor="#000000" /><rightPen lineWidth="0.5" lineStyle="Solid" lineColor="#000000" /></box><textElement textAlignment="Center" verticalAlignment="Middle"><font fontName="Arial" pdfFontName="Arial" size="8" isBold="true" isItalic="false" isUnderline="false" isPdfEmbedded="true" pdfEncoding="CP1252" isStrikeThrough="false" /><paragraph rightIndent="0" leftIndent="0" /></textElement><text>Sr No</text></staticText><staticText><reportElement mode="Opaque" x="20" y="40" width="30" height="50" forecolor="#000000" backcolor="#FFFFFF" key="element-21" stretchType="NoStretch" positionType="FixRelativeToTop" isPrintRepeatedValues="true" isRemoveLineWhenBlank="false" isPrintInFirstWholeBand="false" isPrintWhenDetailOverflows="false" /><box topPadding="0" leftPadding="0" bottomPadding="0" rightPadding="0"><pen lineWidth="0.0" /><topPen lineWidth="0.5" lineStyle="Solid" lineColor="#000000" /><leftPen lineWidth="0.5" lineStyle="Solid" lineColor="#000000" /><bottomPen lineWidth="0.5" lineStyle="Solid" lineColor="#000000" /><rightPen lineWidth="0.5" lineStyle="Solid" lineColor="#000000" /></box><textElement textAlignment="Center" verticalAlignment="Middle"><font fontName="Arial" pdfFontName="Arial" size="8" isBold="true" isItalic="false" isUnderline="false" isPdfEmbedded="true" pdfEncoding="CP1252" isStrikeThrough="false" /></textElement><text>ATA #</text></staticText><staticText><reportElement mode="Opaque" x="50" y="40" width="135" height="50" forecolor="#000000" backcolor="#FFFFFF" key="element-22" stretchType="NoStretch" positionType="FixRelativeToTop" isPrintRepeatedValues="true" isRemoveLineWhenBlank="false" isPrintInFirstWholeBand="false" isPrintWhenDetailOverflows="false" /><box topPadding="0" leftPadding="0" bottomPadding="0" rightPadding="0"><pen lineWidth="0.0" /><topPen lineWidth="0.5" lineStyle="Solid" lineColor="#000000" /><leftPen lineWidth="0.5" lineStyle="Solid" lineColor="#000000" /><bottomPen lineWidth="0.5" lineStyle="Solid" lineColor="#000000" /><rightPen lineWidth="0.5" lineStyle="Solid" lineColor="#000000" /></box><textElement textAlignment="Center" verticalAlignment="Middle"><font fontName="Arial" pdfFontName="Arial" size="8" isBold="true" isItalic="false" isUnderline="false" isPdfEmbedded="true" pdfEncoding="CP1252" isStrikeThrough="false" /></textElement><text>Part Description</text></staticText><staticText><reportElement mode="Opaque" x="185" y="40" width="50" height="50" forecolor="#000000" backcolor="#FFFFFF" key="element-23" stretchType="NoStretch" positionType="FixRelativeToTop" isPrintRepeatedValues="true" isRemoveLineWhenBlank="false" isPrintInFirstWholeBand="false" isPrintWhenDetailOverflows="false" /><box topPadding="0" leftPadding="0" bottomPadding="0" rightPadding="0"><pen lineWidth="0.0" /><topPen lineWidth="0.5" lineStyle="Solid" lineColor="#000000" /><leftPen lineWidth="0.5" lineStyle="Solid" lineColor="#000000" /><bottomPen lineWidth="0.5" lineStyle="Solid" lineColor="#000000" /><rightPen lineWidth="0.5" lineStyle="Solid" lineColor="#000000" /></box><textElement textAlignment="Center" verticalAlignment="Middle"><font fontName="Arial" pdfFontName="Arial" size="8" isBold="true" isItalic="false" isUnderline="false" isPdfEmbedded="true" pdfEncoding="CP1252" isStrikeThrough="false" /></textElement><text>Part #</text></staticText><staticText><reportElement mode="Opaque" x="235" y="40" width="50" height="50" forecolor="#000000" backcolor="#FFFFFF" key="element-24" stretchType="NoStretch" positionType="FixRelativeToTop" isPrintRepeatedValues="true" isRemoveLineWhenBlank="false" isPrintInFirstWholeBand="false" isPrintWhenDetailOverflows="false" /><box topPadding="0" leftPadding="0" bottomPadding="0" rightPadding="0"><pen lineWidth="0.0" /><topPen lineWidth="0.5" lineStyle="Solid" lineColor="#000000" /><leftPen lineWidth="0.5" lineStyle="Solid" lineColor="#000000" /><bottomPen lineWidth="0.5" lineStyle="Solid" lineColor="#000000" /><rightPen lineWidth="0.5" lineStyle="Solid" lineColor="#000000" /></box><textElement textAlignment="Center" verticalAlignment="Middle"><font fontName="Arial" pdfFontName="Arial" size="8" isBold="true" isItalic="false" isUnderline="false" isPdfEmbedded="true" pdfEncoding="CP1252" isStrikeThrough="false" /></textElement><text>Serial #</text></staticText><staticText><reportElement mode="Opaque" x="285" y="40" width="40" height="50" forecolor="#000000" backcolor="#FFFFFF" key="element-25" stretchType="NoStretch" positionType="FixRelativeToTop" isPrintRepeatedValues="true" isRemoveLineWhenBlank="false" isPrintInFirstWholeBand="false" isPrintWhenDetailOverflows="false" /><box topPadding="0" leftPadding="0" bottomPadding="0" rightPadding="0"><pen lineWidth="0.0" /><topPen lineWidth="0.5" lineStyle="Solid" lineColor="#000000" /><leftPen lineWidth="0.5" lineStyle="Solid" lineColor="#000000" /><bottomPen lineWidth="0.5" lineStyle="Solid" lineColor="#000000" /><rightPen lineWidth="0.5" lineStyle="Solid" lineColor="#000000" /></box><textElement textAlignment="Center" verticalAlignment="Middle"><font fontName="Arial" pdfFontName="Arial" size="8" isBold="true" isItalic="false" isUnderline="false" isPdfEmbedded="true" pdfEncoding="CP1252" isStrikeThrough="false" /></textElement><text>Interval</text></staticText><staticText><reportElement mode="Opaque" x="325" y="40" width="45" height="50" forecolor="#000000" backcolor="#FFFFFF" key="element-26" stretchType="NoStretch" positionType="FixRelativeToTop" isPrintRepeatedValues="true" isRemoveLineWhenBlank="false" isPrintInFirstWholeBand="false" isPrintWhenDetailOverflows="false" /><box topPadding="0" leftPadding="0" bottomPadding="0" rightPadding="0"><pen lineWidth="0.0" /><topPen lineWidth="0.5" lineStyle="Solid" lineColor="#000000" /><leftPen lineWidth="0.5" lineStyle="Solid" lineColor="#000000" /><bottomPen lineWidth="0.5" lineStyle="Solid" lineColor="#000000" /><rightPen lineWidth="0.5" lineStyle="Solid" lineColor="#000000" /></box><textElement textAlignment="Center" verticalAlignment="Middle"><font fontName="Arial" pdfFontName="Arial" size="8" isBold="true" isItalic="false" isUnderline="false" isPdfEmbedded="true" pdfEncoding="CP1252" isStrikeThrough="false" /></textElement><text>Parameter/
Time Unit</text></staticText><staticText><reportElement mode="Opaque" x="370" y="40" width="50" height="50" forecolor="#000000" backcolor="#FFFFFF" key="element-27" stretchType="NoStretch" positionType="FixRelativeToTop" isPrintRepeatedValues="true" isRemoveLineWhenBlank="false" isPrintInFirstWholeBand="false" isPrintWhenDetailOverflows="false" /><box topPadding="0" leftPadding="0" bottomPadding="0" rightPadding="0"><pen lineWidth="0.0" /><topPen lineWidth="0.5" lineStyle="Solid" lineColor="#000000" /><leftPen lineWidth="0.5" lineStyle="Solid" lineColor="#000000" /><bottomPen lineWidth="0.5" lineStyle="Solid" lineColor="#000000" /><rightPen lineWidth="0.5" lineStyle="Solid" lineColor="#000000" /></box><textElement textAlignment="Center" verticalAlignment="Middle"><font fontName="Arial" pdfFontName="Arial" size="8" isBold="true" isItalic="false" isUnderline="false" isPdfEmbedded="true" pdfEncoding="CP1252" isStrikeThrough="false" /></textElement><text>Last Complied Exec. Doc Ref #</text></staticText><staticText><reportElement mode="Opaque" x="481" y="55" width="59" height="35" forecolor="#000000" backcolor="#FFFFFF" key="element-28" stretchType="NoStretch" positionType="FixRelativeToTop" isPrintRepeatedValues="true" isRemoveLineWhenBlank="false" isPrintInFirstWholeBand="false" isPrintWhenDetailOverflows="false" /><box topPadding="0" leftPadding="0" bottomPadding="0" rightPadding="0"><pen lineWidth="0.0" /><topPen lineWidth="0.5" lineStyle="Solid" lineColor="#000000" /><leftPen lineWidth="0.5" lineStyle="Solid" lineColor="#000000" /><bottomPen lineWidth="0.5" lineStyle="Solid" lineColor="#000000" /><rightPen lineWidth="0.5" lineStyle="Solid" lineColor="#000000" /></box><textElement textAlignment="Center" verticalAlignment="Middle"><font fontName="Arial" pdfFontName="Arial" size="8" isBold="true" isItalic="false" isUnderline="false" isPdfEmbedded="true" pdfEncoding="CP1252" isStrikeThrough="false" /></textElement><text>Next Schedule Date/Value</text></staticText><staticText><reportElement mode="Opaque" x="664" y="55" width="46" height="35" forecolor="#000000" backcolor="#FFFFFF" key="element-29" stretchType="NoStretch" positionType="FixRelativeToTop" isPrintRepeatedValues="true" isRemoveLineWhenBlank="false" isPrintInFirstWholeBand="false" isPrintWhenDetailOverflows="false" /><box topPadding="0" leftPadding="0" bottomPadding="0" rightPadding="0"><pen lineWidth="0.0" /><topPen lineWidth="0.5" lineStyle="Solid" lineColor="#000000" /><leftPen lineWidth="0.5" lineStyle="Solid" lineColor="#000000" /><bottomPen lineWidth="0.5" lineStyle="Solid" lineColor="#000000" /><rightPen lineWidth="0.5" lineStyle="Solid" lineColor="#000000" /></box><textElement textAlignment="Center" verticalAlignment="Middle"><font fontName="Arial" pdfFontName="Arial" size="8" isBold="true" isItalic="false" isUnderline="false" isPdfEmbedded="true" pdfEncoding="CP1252" isStrikeThrough="false" /></textElement><text>Next due based on installation</text></staticText><staticText><reportElement mode="Opaque" x="540" y="40" width="40" height="50" forecolor="#000000" backcolor="#FFFFFF" key="element-30" stretchType="NoStretch" positionType="FixRelativeToTop" isPrintRepeatedValues="true" isRemoveLineWhenBlank="false" isPrintInFirstWholeBand="false" isPrintWhenDetailOverflows="false" /><box topPadding="3" leftPadding="0" bottomPadding="0" rightPadding="0"><pen lineWidth="0.0" /><topPen lineWidth="0.5" lineStyle="Solid" lineColor="#000000" /><leftPen lineWidth="0.5" lineStyle="Solid" lineColor="#000000" /><bottomPen lineWidth="0.5" lineStyle="Solid" lineColor="#000000" /><rightPen lineWidth="0.5" lineStyle="Solid" lineColor="#000000" /></box><textElement textAlignment="Center" verticalAlignment="Middle"><font fontName="Arial" pdfFontName="Arial" size="8" isBold="true" isItalic="false" isUnderline="false" isPdfEmbedded="true" pdfEncoding="CP1252" isStrikeThrough="false" /></textElement><text>Current Value</text></staticText><staticText><reportElement mode="Opaque" x="620" y="55" width="44" height="35" forecolor="#000000" backcolor="#FFFFFF" key="element-31" stretchType="NoStretch" positionType="FixRelativeToTop" isPrintRepeatedValues="true" isRemoveLineWhenBlank="false" isPrintInFirstWholeBand="false" isPrintWhenDetailOverflows="false" /><box topPadding="0" leftPadding="0" bottomPadding="0" rightPadding="0"><pen lineWidth="0.0" /><topPen lineWidth="0.5" lineStyle="Solid" lineColor="#000000" /><leftPen lineWidth="0.5" lineStyle="Solid" lineColor="#000000" /><bottomPen lineWidth="0.5" lineStyle="Solid" lineColor="#000000" /><rightPen lineWidth="0.5" lineStyle="Solid" lineColor="#000000" /></box><textElement textAlignment="Center" verticalAlignment="Middle"><font fontName="Arial" pdfFontName="Arial" size="8" isBold="true" isItalic="false" isUnderline="false" isPdfEmbedded="true" pdfEncoding="CP1252" isStrikeThrough="false" /></textElement><text>Hrs/Cyc at time of installation</text></staticText><staticText><reportElement mode="Opaque" x="420" y="40" width="120" height="15" forecolor="#000000" backcolor="#FFFFFF" key="element-32" stretchType="NoStretch" positionType="FixRelativeToTop" isPrintRepeatedValues="true" isRemoveLineWhenBlank="false" isPrintInFirstWholeBand="false" isPrintWhenDetailOverflows="false" /><box topPadding="0" leftPadding="0" bottomPadding="0" rightPadding="0"><pen lineWidth="0.0" /><topPen lineWidth="0.5" lineStyle="Solid" lineColor="#000000" /><leftPen lineWidth="0.4" lineStyle="Solid" lineColor="#000000" /><bottomPen lineWidth="0.5" lineStyle="Solid" lineColor="#000000" /><rightPen lineWidth="0.5" lineStyle="Solid" lineColor="#000000" /></box><textElement textAlignment="Center" verticalAlignment="Middle"><font fontName="Arial" pdfFontName="Arial" size="8" isBold="true" isItalic="false" isUnderline="false" isPdfEmbedded="true" pdfEncoding="CP1252" isStrikeThrough="false" /></textElement><text>Component Based</text></staticText><staticText><reportElement mode="Opaque" x="620" y="40" width="90" height="15" forecolor="#000000" backcolor="#FFFFFF" key="element-33" stretchType="NoStretch" positionType="FixRelativeToTop" isPrintRepeatedValues="true" isRemoveLineWhenBlank="false" isPrintInFirstWholeBand="false" isPrintWhenDetailOverflows="false" /><box topPadding="0" leftPadding="0" bottomPadding="0" rightPadding="0"><pen lineWidth="0.0" /><topPen lineWidth="0.5" lineStyle="Solid" lineColor="#000000" /><leftPen lineWidth="0.4" lineStyle="Solid" lineColor="#000000" /><bottomPen lineWidth="0.5" lineStyle="Solid" lineColor="#000000" /><rightPen lineWidth="0.5" lineStyle="Solid" lineColor="#000000" /></box><textElement textAlignment="Center" verticalAlignment="Middle"><font fontName="Arial" pdfFontName="Arial" size="8" isBold="true" isItalic="false" isUnderline="false" isPdfEmbedded="true" pdfEncoding="CP1252" isStrikeThrough="false" /></textElement><text>Aircraft Based</text></staticText><textField isStretchWithOverflow="false" pattern="" isBlankWhenNull="true" evaluationTime="Now" hyperlinkType="None" hyperlinkTarget="Blank"><reportElement mode="Opaque" x="129" y="0" width="438" height="20" forecolor="#000000" backcolor="#ffffff" key="element-39" stretchType="NoStretch" positionType="FixRelativeToTop" isPrintRepeatedValues="true" isRemoveLineWhenBlank="false" isPrintInFirstWholeBand="false" isPrintWhenDetailOverflows="false" /><box topPadding="0" leftPadding="0" bottomPadding="0" rightPadding="0"><pen lineWidth="0.0" /><topPen lineWidth="0.5" lineStyle="Solid" lineColor="#000000" /><leftPen lineWidth="0" lineStyle="Solid" lineColor="#000000" /><bottomPen lineWidth="0" lineStyle="Solid" lineColor="#000000" /><rightPen lineWidth="0" lineStyle="Solid" lineColor="#000000" /></box><textElement textAlignment="Left" verticalAlignment="Middle" rotation="None"><font fontName="Arial" pdfFontName="Arial.ttf" size="10" isBold="false" isItalic="false" isUnderline="false" isPdfEmbedded="true" pdfEncoding="CP1252" isStrikeThrough="false" /></textElement><textFieldExpression class="java.lang.String">$F{generate_hard_time_component_report.htc_ac_reg_no}</textFieldExpression></textField><textField isStretchWithOverflow="false" pattern="" isBlankWhenNull="true" evaluationTime="Now" hyperlinkType="None" hyperlinkTarget="Blank"><reportElement mode="Opaque" x="661" y="0" width="150" height="20" forecolor="#000000" backcolor="#ffffff" key="element-40" stretchType="NoStretch" positionType="FixRelativeToTop" isPrintRepeatedValues="true" isRemoveLineWhenBlank="false" isPrintInFirstWholeBand="false" isPrintWhenDetailOverflows="false" /><box topPadding="0" leftPadding="0" bottomPadding="0" rightPadding="0"><pen lineWidth="0.0" /><topPen lineWidth="0.5" lineStyle="Solid" lineColor="#000000" /><leftPen lineWidth="0" lineStyle="Solid" lineColor="#000000" /><bottomPen lineWidth="0" lineStyle="Solid" lineColor="#000000" /><rightPen lineWidth="0.5" lineStyle="Solid" lineColor="#000000" /></box><textElement textAlignment="Left" verticalAlignment="Middle" rotation="None"><font fontName="Arial" pdfFontName="Arial.ttf" size="10" isBold="false" isItalic="false" isUnderline="false" isPdfEmbedded="true" pdfEncoding="CP1252" isStrikeThrough="false" /></textElement><textFieldExpression class="java.lang.String">$F{generate_hard_time_component_report.htc_tcn}</textFieldExpression></textField><textField isStretchWithOverflow="false" pattern="" isBlankWhenNull="true" evaluationTime="Now" hyperlinkType="None" hyperlinkTarget="Blank"><reportElement mode="Opaque" x="661" y="20" width="150" height="20" forecolor="#000000" backcolor="#ffffff" key="element-41" stretchType="NoStretch" positionType="FixRelativeToTop" isPrintRepeatedValues="true" isRemoveLineWhenBlank="false" isPrintInFirstWholeBand="false" isPrintWhenDetailOverflows="false" /><box topPadding="0" leftPadding="0" bottomPadding="0" rightPadding="0"><pen lineWidth="0.0" /><topPen lineWidth="0" lineStyle="Solid" lineColor="#000000" /><leftPen lineWidth="0" lineStyle="Solid" lineColor="#000000" /><bottomPen lineWidth="0.5" lineStyle="Solid" lineColor="#000000" /><rightPen lineWidth="0.5" lineStyle="Solid" lineColor="#000000" /></box><textElement textAlignment="Left" verticalAlignment="Middle" rotation="None"><font fontName="Arial" pdfFontName="Arial.ttf" size="10" isBold="false" isItalic="false" isUnderline="false" isPdfEmbedded="true" pdfEncoding="CP1252" isStrikeThrough="false" /></textElement><textFieldExpression class="java.lang.String">$F{generate_hard_time_component_report.htc_csn}</textFieldExpression></textField><textField isStretchWithOverflow="false" pattern="" isBlankWhenNull="true" evaluationTime="Now" hyperlinkType="None" hyperlinkTarget="Blank"><reportElement mode="Opaque" x="129" y="20" width="438" height="20" forecolor="#000000" backcolor="#FFFFFF" key="element-44" stretchType="NoStretch" positionType="FixRelativeToTop" isPrintRepeatedValues="true" isRemoveLineWhenBlank="false" isPrintInFirstWholeBand="false" isPrintWhenDetailOverflows="false" /><box topPadding="0" leftPadding="0" bottomPadding="0" rightPadding="0"><pen lineWidth="0.0" /><topPen lineWidth="0" lineStyle="Solid" lineColor="#000000" /><leftPen lineWidth="0" lineStyle="Solid" lineColor="#000000" /><bottomPen lineWidth="0.5" lineStyle="Solid" lineColor="#000000" /><rightPen lineWidth="0" lineStyle="Solid" lineColor="#000000" /></box><textElement textAlignment="Left" verticalAlignment="Middle"><font fontName="Arial" pdfFontName="Arial" size="10" isBold="false" isItalic="false" isUnderline="false" isPdfEmbedded="true" pdfEncoding="CP1252" isStrikeThrough="false" /></textElement><textFieldExpression><![CDATA[new SimpleDateFormat("dd/MM/yyyy").format(new SimpleDateFormat("yyyy-MM-dd").parse($F{generate_hard_time_component_report.rpt_gen_date_hdr}))]]></textFieldExpression></textField><staticText><reportElement mode="Opaque" x="580" y="40" width="40" height="50" forecolor="#000000" backcolor="#FFFFFF" key="element-49" stretchType="NoStretch" positionType="FixRelativeToTop" isPrintRepeatedValues="true" isRemoveLineWhenBlank="false" isPrintInFirstWholeBand="false" isPrintWhenDetailOverflows="false" /><box topPadding="3" leftPadding="0" bottomPadding="0" rightPadding="0"><pen lineWidth="0.0" /><topPen lineWidth="0.5" lineStyle="Solid" lineColor="#000000" /><leftPen lineWidth="0.5" lineStyle="Solid" lineColor="#000000" /><bottomPen lineWidth="0.5" lineStyle="Solid" lineColor="#000000" /><rightPen lineWidth="0.5" lineStyle="Solid" lineColor="#000000" /></box><textElement textAlignment="Center" verticalAlignment="Middle"><font fontName="Arial" pdfFontName="Arial" size="8" isBold="true" isItalic="false" isUnderline="false" isPdfEmbedded="true" pdfEncoding="CP1252" isStrikeThrough="false" /></textElement><text>Remaining Value</text></staticText><staticText><reportElement mode="Opaque" x="710" y="40" width="101" height="50" forecolor="#000000" backcolor="#FFFFFF" key="element-50" stretchType="NoStretch" positionType="FixRelativeToTop" isPrintRepeatedValues="true" isRemoveLineWhenBlank="false" isPrintInFirstWholeBand="false" isPrintWhenDetailOverflows="false" /><box topPadding="0" leftPadding="0" bottomPadding="0" rightPadding="0"><pen lineWidth="0.0" /><topPen lineWidth="0.5" lineStyle="Solid" lineColor="#000000" /><leftPen lineWidth="0.5" lineStyle="Solid" lineColor="#000000" /><bottomPen lineWidth="0.5" lineStyle="Solid" lineColor="#000000" /><rightPen lineWidth="0.5" lineStyle="Solid" lineColor="#000000" /></box><textElement textAlignment="Center" verticalAlignment="Middle"><font fontName="Arial" pdfFontName="Arial" size="8" isBold="true" isItalic="false" isUnderline="false" isPdfEmbedded="true" pdfEncoding="CP1252" isStrikeThrough="false" /></textElement><text>Task Description</text></staticText><staticText><reportElement mode="Opaque" x="420" y="55" width="61" height="35" forecolor="#000000" backcolor="#FFFFFF" key="element-51" stretchType="NoStretch" positionType="FixRelativeToTop" isPrintRepeatedValues="true" isRemoveLineWhenBlank="false" isPrintInFirstWholeBand="false" isPrintWhenDetailOverflows="false" /><box topPadding="0" leftPadding="0" bottomPadding="0" rightPadding="0"><pen lineWidth="0.0" /><topPen lineWidth="0.5" lineStyle="Solid" lineColor="#000000" /><leftPen lineWidth="0.5" lineStyle="Solid" lineColor="#000000" /><bottomPen lineWidth="0.5" lineStyle="Solid" lineColor="#000000" /><rightPen lineWidth="0.5" lineStyle="Solid" lineColor="#000000" /></box><textElement textAlignment="Center" verticalAlignment="Middle"><font fontName="Arial" pdfFontName="Arial" size="8" isBold="true" isItalic="false" isUnderline="false" isPdfEmbedded="true" pdfEncoding="CP1252" isStrikeThrough="false" /></textElement><text>Last Performed Date/Value</text></staticText></band></groupHeader><groupFooter><band height="0" splitType="Stretch" /></groupFooter></group><background><band height="50" splitType="Stretch" /></background><title><band height="110" splitType="Stretch"><image scaleImage="FillFrame" vAlign="Top" hAlign="Left" isUsingCache="false" evaluationTime="Now" hyperlinkType="None" hyperlinkTarget="Blank"><reportElement mode="Opaque" x="4" y="30" width="160" height="69" forecolor="#000000" backcolor="#FFFFFF" key="element-7" stretchType="NoStretch" positionType="FixRelativeToTop" isPrintRepeatedValues="true" isRemoveLineWhenBlank="false" isPrintInFirstWholeBand="false" isPrintWhenDetailOverflows="false" /><box topPadding="0" leftPadding="0" bottomPadding="0" rightPadding="0"><pen lineWidth="0.0" /><topPen lineWidth="0.0" lineStyle="Solid" lineColor="#000000" /><leftPen lineWidth="0.0" lineStyle="Solid" lineColor="#000000" /><bottomPen lineWidth="0.0" lineStyle="Solid" lineColor="#000000" /><rightPen lineWidth="0.0" lineStyle="Solid" lineColor="#000000" /></box><graphicElement><pen lineWidth="0.0" lineStyle="Solid" lineColor="" /></graphicElement><imageExpression>$P{reportlogo}</imageExpression></image><staticText><reportElement mode="Opaque" x="220" y="25" width="340" height="85" forecolor="#000000" backcolor="#FFFFFF" key="element-8" stretchType="NoStretch" positionType="FixRelativeToTop" isPrintRepeatedValues="true" isRemoveLineWhenBlank="false" isPrintInFirstWholeBand="false" isPrintWhenDetailOverflows="false" /><box topPadding="0" leftPadding="0" bottomPadding="0" rightPadding="0"><pen lineWidth="0.0" /><topPen lineWidth="0.5" lineStyle="Solid" lineColor="#000000" /><leftPen lineWidth="0.5" lineStyle="Solid" lineColor="#000000" /><bottomPen lineWidth="0.5" lineStyle="Solid" lineColor="#000000" /><rightPen lineWidth="0.5" lineStyle="Solid" lineColor="#000000" /></box><textElement textAlignment="Center" verticalAlignment="Middle"><font fontName="Arial" pdfFontName="Arial" size="15" isBold="true" isItalic="false" isUnderline="false" isPdfEmbedded="true" pdfEncoding="CP1252" isStrikeThrough="false" /></textElement><text>Hard Time Component List</text></staticText><textField isStretchWithOverflow="false" pattern="" isBlankWhenNull="true" evaluationTime="Now" hyperlinkType="None" hyperlinkTarget="Blank"><reportElement mode="Opaque" x="560" y="45" width="251" height="65" forecolor="#000000" backcolor="#ffffff" key="element-9" stretchType="NoStretch" positionType="FixRelativeToTop" isPrintRepeatedValues="true" isRemoveLineWhenBlank="false" isPrintInFirstWholeBand="false" isPrintWhenDetailOverflows="false" /><box topPadding="0" leftPadding="3" bottomPadding="0" rightPadding="0"><pen lineWidth="0.0" /><topPen lineWidth="0" lineStyle="Solid" lineColor="#000000" /><leftPen lineWidth="0.5" lineStyle="Solid" lineColor="#000000" /><bottomPen lineWidth="0.5" lineStyle="Solid" lineColor="#000000" /><rightPen lineWidth="0.5" lineStyle="Solid" lineColor="#000000" /></box><textElement textAlignment="Left" verticalAlignment="Top" rotation="None"><font fontName="Arial" pdfFontName="Arial.ttf" size="10" isBold="false" isItalic="false" isUnderline="false" isPdfEmbedded="true" pdfEncoding="CP1252" isStrikeThrough="false" /></textElement><textFieldExpression><![CDATA[$F{generate_hard_time_component_report.htc_add2_hdr}]]></textFieldExpression></textField><textField isStretchWithOverflow="false" pattern="" isBlankWhenNull="true" evaluationTime="Now" hyperlinkType="None" hyperlinkTarget="Blank"><reportElement mode="Opaque" x="560" y="25" width="251" height="20" forecolor="#000000" backcolor="#ffffff" key="element-10" stretchType="NoStretch" positionType="FixRelativeToTop" isPrintRepeatedValues="true" isRemoveLineWhenBlank="false" isPrintInFirstWholeBand="false" isPrintWhenDetailOverflows="false" /><box topPadding="0" leftPadding="3" bottomPadding="0" rightPadding="0"><pen lineWidth="0.0" /><topPen lineWidth="0.5" lineStyle="Solid" lineColor="#000000" /><leftPen lineWidth="0.5" lineStyle="Solid" lineColor="#000000" /><bottomPen lineWidth="0" lineStyle="Solid" lineColor="#000000" /><rightPen lineWidth="0.5" lineStyle="Solid" lineColor="#000000" /></box><textElement textAlignment="Left" verticalAlignment="Bottom" rotation="None"><font fontName="Arial" pdfFontName="Arial.ttf" size="10" isBold="false" isItalic="false" isUnderline="false" isPdfEmbedded="true" pdfEncoding="CP1252" isStrikeThrough="false" /></textElement><textFieldExpression class="java.lang.String">$F{generate_hard_time_component_report.htc_add1_hdr}</textFieldExpression></textField><staticText><reportElement mode="Opaque" x="0" y="25" width="220" height="3" forecolor="#000000" backcolor="#FFFFFF" key="element-54" stretchType="NoStretch" positionType="FixRelativeToTop" isPrintRepeatedValues="true" isRemoveLineWhenBlank="false" isPrintInFirstWholeBand="false" isPrintWhenDetailOverflows="false" /><box topPadding="0" leftPadding="0" bottomPadding="0" rightPadding="0"><pen lineWidth="0.0" /><topPen lineWidth="0.5" lineStyle="Solid" lineColor="#000000" /><leftPen lineWidth="0.5" lineStyle="Solid" lineColor="#000000" /><bottomPen lineWidth="0" lineStyle="Solid" lineColor="#000000" /><rightPen lineWidth="0.5" lineStyle="Solid" lineColor="#000000" /></box><textElement textAlignment="Center" verticalAlignment="Top"><font fontName="Arial" pdfFontName="Arial" size="12" isBold="true" isItalic="false" isUnderline="false" isPdfEmbedded="true" pdfEncoding="CP1252" isStrikeThrough="false" /></textElement><text /></staticText><staticText><reportElement mode="Opaque" x="0" y="25" width="3" height="85" forecolor="#000000" backcolor="#FFFFFF" key="element-56" stretchType="NoStretch" positionType="FixRelativeToTop" isPrintRepeatedValues="true" isRemoveLineWhenBlank="false" isPrintInFirstWholeBand="false" isPrintWhenDetailOverflows="false" /><box topPadding="0" leftPadding="0" bottomPadding="0" rightPadding="0"><pen lineWidth="0.0" /><topPen lineWidth="0.5" lineStyle="Solid" lineColor="#000000" /><leftPen lineWidth="0.5" lineStyle="Solid" lineColor="#000000" /><bottomPen lineWidth="0.5" lineStyle="Solid" lineColor="#000000" /><rightPen lineWidth="0" lineStyle="Solid" lineColor="#000000" /></box><textElement textAlignment="Center" verticalAlignment="Top"><font fontName="Arial" pdfFontName="Arial" size="12" isBold="true" isItalic="false" isUnderline="false" isPdfEmbedded="true" pdfEncoding="CP1252" isStrikeThrough="false" /></textElement><text /></staticText></band></title><detail><band height="25" splitType="Stretch"><textField isStretchWithOverflow="true" pattern="" isBlankWhenNull="true" evaluationTime="Now" hyperlinkType="None" hyperlinkTarget="Blank"><reportElement mode="Opaque" x="20" y="0" width="30" height="25" forecolor="#000000" backcolor="#ffffff" key="element-0" stretchType="RelativeToTallestObject" positionType="FixRelativeToTop" isPrintRepeatedValues="true" isRemoveLineWhenBlank="false" isPrintInFirstWholeBand="false" isPrintWhenDetailOverflows="true" /><box topPadding="3" leftPadding="0" bottomPadding="0" rightPadding="0"><pen lineWidth="0.0" /><topPen lineWidth="0.5" lineStyle="Solid" lineColor="#000000" /><leftPen lineWidth="0.5" lineStyle="Solid" lineColor="#000000" /><bottomPen lineWidth="0.5" lineStyle="Solid" lineColor="#000000" /><rightPen lineWidth="0.5" lineStyle="Solid" lineColor="#000000" /></box><textElement textAlignment="Center" verticalAlignment="Top" rotation="None"><font fontName="Arial" pdfFontName="Arial.ttf" size="7" isBold="false" isItalic="false" isUnderline="false" isPdfEmbedded="true" pdfEncoding="CP1252" isStrikeThrough="false" /></textElement><textFieldExpression class="java.lang.String">$F{generate_hard_time_component_report.htc_ata_no}</textFieldExpression></textField><textField isStretchWithOverflow="true" pattern="" isBlankWhenNull="true" evaluationTime="Now" hyperlinkType="None" hyperlinkTarget="Blank"><reportElement mode="Opaque" x="50" y="0" width="135" height="25" forecolor="#000000" backcolor="#ffffff" key="element-1" stretchType="RelativeToTallestObject" positionType="FixRelativeToTop" isPrintRepeatedValues="true" isRemoveLineWhenBlank="false" isPrintInFirstWholeBand="false" isPrintWhenDetailOverflows="true" /><box topPadding="3" leftPadding="3" bottomPadding="0" rightPadding="0"><pen lineWidth="0.0" /><topPen lineWidth="0.5" lineStyle="Solid" lineColor="" /><leftPen lineWidth="0.5" lineStyle="Solid" lineColor="" /><bottomPen lineWidth="0.5" lineStyle="Solid" lineColor="" /><rightPen lineWidth="0.5" lineStyle="Solid" lineColor="" /></box><textElement textAlignment="Left" verticalAlignment="Top" rotation="None"><font fontName="Arial" pdfFontName="Arial.ttf" size="7" isBold="false" isItalic="false" isUnderline="false" isPdfEmbedded="true" pdfEncoding="CP1252" isStrikeThrough="false" /></textElement><textFieldExpression class="java.lang.String">$F{generate_hard_time_component_report.htc_part_desc}</textFieldExpression></textField><textField isStretchWithOverflow="true" pattern="" isBlankWhenNull="true" evaluationTime="Now" hyperlinkType="None" hyperlinkTarget="Blank"><reportElement mode="Opaque" x="235" y="0" width="50" height="25" forecolor="#000000" backcolor="#ffffff" key="element-2" stretchType="RelativeToTallestObject" positionType="FixRelativeToTop" isPrintRepeatedValues="true" isRemoveLineWhenBlank="false" isPrintInFirstWholeBand="false" isPrintWhenDetailOverflows="true" /><box topPadding="3" leftPadding="3" bottomPadding="0" rightPadding="0"><pen lineWidth="0.0" /><topPen lineWidth="0.5" lineStyle="Solid" lineColor="#000000" /><leftPen lineWidth="0.5" lineStyle="Solid" lineColor="#000000" /><bottomPen lineWidth="0.5" lineStyle="Solid" lineColor="#000000" /><rightPen lineWidth="0.5" lineStyle="Solid" lineColor="#000000" /></box><textElement textAlignment="Left" verticalAlignment="Top" rotation="None"><font fontName="Arial" pdfFontName="Arial.ttf" size="7" isBold="false" isItalic="false" isUnderline="false" isPdfEmbedded="true" pdfEncoding="CP1252" isStrikeThrough="false" /></textElement><textFieldExpression><![CDATA[$F{generate_hard_time_component_report.htc_serial_no}]]></textFieldExpression></textField><textField isStretchWithOverflow="true" pattern="" isBlankWhenNull="true" evaluationTime="Now" hyperlinkType="None" hyperlinkTarget="Blank"><reportElement mode="Opaque" x="285" y="0" width="40" height="25" forecolor="#000000" backcolor="#ffffff" key="element-3" stretchType="RelativeToTallestObject" positionType="FixRelativeToTop" isPrintRepeatedValues="true" isRemoveLineWhenBlank="false" isPrintInFirstWholeBand="false" isPrintWhenDetailOverflows="true" /><box topPadding="3" leftPadding="0" bottomPadding="0" rightPadding="3"><pen lineWidth="0.0" /><topPen lineWidth="0.5" lineStyle="Solid" lineColor="#000000" /><leftPen lineWidth="0.5" lineStyle="Solid" lineColor="#000000" /><bottomPen lineWidth="0.5" lineStyle="Solid" lineColor="#000000" /><rightPen lineWidth="0.5" lineStyle="Solid" lineColor="#000000" /></box><textElement textAlignment="Right" verticalAlignment="Top" rotation="None"><font fontName="Arial" pdfFontName="Arial.ttf" size="7" isBold="false" isItalic="false" isUnderline="false" isPdfEmbedded="true" pdfEncoding="CP1252" isStrikeThrough="false" /></textElement><textFieldExpression><![CDATA[$F{generate_hard_time_component_report.htc_interval}]]></textFieldExpression></textField><textField isStretchWithOverflow="true" pattern="" isBlankWhenNull="true" evaluationTime="Now" hyperlinkType="None" hyperlinkTarget="Blank"><reportElement mode="Opaque" x="325" y="0" width="45" height="25" forecolor="#000000" backcolor="#ffffff" key="element-4" stretchType="RelativeToTallestObject" positionType="FixRelativeToTop" isPrintRepeatedValues="true" isRemoveLineWhenBlank="false" isPrintInFirstWholeBand="false" isPrintWhenDetailOverflows="true" /><box topPadding="3" leftPadding="3" bottomPadding="0" rightPadding="0"><pen lineWidth="0.0" /><topPen lineWidth="0.5" lineStyle="Solid" lineColor="" /><leftPen lineWidth="0.5" lineStyle="Solid" lineColor="" /><bottomPen lineWidth="0.5" lineStyle="Solid" lineColor="" /><rightPen lineWidth="0.5" lineStyle="Solid" lineColor="" /></box><textElement textAlignment="Center" verticalAlignment="Top" rotation="None"><font fontName="Arial" pdfFontName="Arial.ttf" size="7" isBold="false" isItalic="false" isUnderline="false" isPdfEmbedded="true" pdfEncoding="CP1252" isStrikeThrough="false" /></textElement><textFieldExpression><![CDATA[$F{generate_hard_time_component_report.htc_parameter}]]></textFieldExpression></textField><textField isStretchWithOverflow="true" pattern="" isBlankWhenNull="true" evaluationTime="Now" hyperlinkType="None" hyperlinkTarget="Blank"><reportElement mode="Opaque" x="580" y="0" width="40" height="25" forecolor="#000000" backcolor="#ffffff" key="element-5" stretchType="RelativeToTallestObject" positionType="FixRelativeToTop" isPrintRepeatedValues="true" isRemoveLineWhenBlank="false" isPrintInFirstWholeBand="false" isPrintWhenDetailOverflows="true" /><box topPadding="3" leftPadding="0" bottomPadding="0" rightPadding="3"><pen lineWidth="0.0" /><topPen lineWidth="0.5" lineStyle="Solid" lineColor="#000000" /><leftPen lineWidth="0.5" lineStyle="Solid" lineColor="#000000" /><bottomPen lineWidth="0.5" lineStyle="Solid" lineColor="#000000" /><rightPen lineWidth="0" lineStyle="Solid" lineColor="#000000" /></box><textElement textAlignment="Right" verticalAlignment="Top" rotation="None"><font fontName="Arial" pdfFontName="Arial.ttf" size="7" isBold="false" isItalic="false" isUnderline="false" isPdfEmbedded="true" pdfEncoding="CP1252" isStrikeThrough="false" /></textElement><textFieldExpression class="java.lang.String">$F{generate_hard_time_component_report.htc_remaining_hours}</textFieldExpression></textField><textField isStretchWithOverflow="true" pattern="" isBlankWhenNull="true" evaluationTime="Now" hyperlinkType="None" hyperlinkTarget="Blank"><reportElement mode="Opaque" x="710" y="0" width="101" height="25" forecolor="#000000" backcolor="#ffffff" key="element-6" stretchType="RelativeToTallestObject" positionType="FixRelativeToTop" isPrintRepeatedValues="true" isRemoveLineWhenBlank="false" isPrintInFirstWholeBand="false" isPrintWhenDetailOverflows="true" /><box topPadding="3" leftPadding="3" bottomPadding="0" rightPadding="0"><pen lineWidth="0.0" /><topPen lineWidth="0.5" lineStyle="Solid" lineColor="#000000" /><leftPen lineWidth="0" lineStyle="Solid" lineColor="#000000" /><bottomPen lineWidth="0.5" lineStyle="Solid" lineColor="#000000" /><rightPen lineWidth="0.5" lineStyle="Solid" lineColor="#000000" /></box><textElement textAlignment="Left" verticalAlignment="Top" rotation="None"><font fontName="Arial" pdfFontName="Arial.ttf" size="7" isBold="false" isItalic="false" isUnderline="false" isPdfEmbedded="true" pdfEncoding="CP1252" isStrikeThrough="false" /></textElement><textFieldExpression class="java.lang.String">$F{generate_hard_time_component_report.htc_task_desc}</textFieldExpression></textField><textField isStretchWithOverflow="true" pattern="" isBlankWhenNull="true" evaluationTime="Now" hyperlinkType="None" hyperlinkTarget="Blank"><reportElement mode="Opaque" x="0" y="0" width="20" height="25" forecolor="#000000" backcolor="#ffffff" key="element-11" stretchType="RelativeToTallestObject" positionType="FixRelativeToTop" isPrintRepeatedValues="true" isRemoveLineWhenBlank="false" isPrintInFirstWholeBand="false" isPrintWhenDetailOverflows="true" /><box topPadding="3" leftPadding="0" bottomPadding="0" rightPadding="0"><pen lineWidth="0.0" /><topPen lineWidth="0.5" lineStyle="Solid" lineColor="#000000" /><leftPen lineWidth="0.5" lineStyle="Solid" lineColor="#000000" /><bottomPen lineWidth="0.5" lineStyle="Solid" lineColor="#000000" /><rightPen lineWidth="0.5" lineStyle="Solid" lineColor="#000000" /></box><textElement textAlignment="Center" verticalAlignment="Top" rotation="None"><font fontName="Arial" pdfFontName="Arial.ttf" size="7" isBold="false" isItalic="false" isUnderline="false" isPdfEmbedded="true" pdfEncoding="CP1252" isStrikeThrough="false" /></textElement><textFieldExpression class="java.lang.String">$F{generate_hard_time_component_report.htc_sr_no}</textFieldExpression></textField><textField isStretchWithOverflow="true" pattern="" isBlankWhenNull="true" evaluationTime="Now" hyperlinkType="None" hyperlinkTarget="Blank"><reportElement mode="Opaque" x="540" y="0" width="40" height="25" forecolor="#000000" backcolor="#ffffff" key="element-12" stretchType="RelativeToTallestObject" positionType="FixRelativeToTop" isPrintRepeatedValues="true" isRemoveLineWhenBlank="false" isPrintInFirstWholeBand="false" isPrintWhenDetailOverflows="true" /><box topPadding="3" leftPadding="0" bottomPadding="0" rightPadding="3"><pen lineWidth="0.0" /><topPen lineWidth="0.5" lineStyle="Solid" lineColor="#000000" /><leftPen lineWidth="0.5" lineStyle="Solid" lineColor="#000000" /><bottomPen lineWidth="0.5" lineStyle="Solid" lineColor="#000000" /><rightPen lineWidth="0.5" lineStyle="Solid" lineColor="#000000" /></box><textElement textAlignment="Right" verticalAlignment="Top" rotation="None"><font fontName="Arial" pdfFontName="Arial.ttf" size="7" isBold="false" isItalic="false" isUnderline="false" isPdfEmbedded="true" pdfEncoding="CP1252" isStrikeThrough="false" /></textElement><textFieldExpression class="java.lang.String">$F{generate_hard_time_component_report.dummys_dtl}</textFieldExpression></textField><textField isStretchWithOverflow="true" pattern="" isBlankWhenNull="true" evaluationTime="Now" hyperlinkType="None" hyperlinkTarget="Blank"><reportElement mode="Opaque" x="620" y="0" width="44" height="25" forecolor="#000000" backcolor="#ffffff" key="element-13" stretchType="RelativeToTallestObject" positionType="FixRelativeToTop" isPrintRepeatedValues="true" isRemoveLineWhenBlank="false" isPrintInFirstWholeBand="false" isPrintWhenDetailOverflows="false" /><box topPadding="3" leftPadding="0" bottomPadding="0" rightPadding="3"><pen lineWidth="0.0" /><topPen lineWidth="0.5" lineStyle="Solid" lineColor="#000000" /><leftPen lineWidth="0.5" lineStyle="Solid" lineColor="#000000" /><bottomPen lineWidth="0.5" lineStyle="Solid" lineColor="#000000" /><rightPen lineWidth="0.5" lineStyle="Solid" lineColor="#000000" /></box><textElement textAlignment="Right" verticalAlignment="Top" rotation="None"><font fontName="Arial" pdfFontName="Arial.ttf" size="7" isBold="false" isItalic="false" isUnderline="false" isPdfEmbedded="true" pdfEncoding="CP1252" isStrikeThrough="false" /></textElement><textFieldExpression><![CDATA[$F{generate_hard_time_component_report.htc_ac_usage_val}]]></textFieldExpression></textField><textField isStretchWithOverflow="true" pattern="" isBlankWhenNull="true" evaluationTime="Now" hyperlinkType="None" hyperlinkTarget="Blank"><reportElement mode="Opaque" x="370" y="0" width="50" height="25" forecolor="#000000" backcolor="#ffffff" key="element-38" stretchType="RelativeToTallestObject" positionType="FixRelativeToTop" isPrintRepeatedValues="true" isRemoveLineWhenBlank="false" isPrintInFirstWholeBand="false" isPrintWhenDetailOverflows="true" /><box topPadding="3" leftPadding="3" bottomPadding="0" rightPadding="0"><pen lineWidth="0.0" /><topPen lineWidth="0.5" lineStyle="Solid" lineColor="#000000" /><leftPen lineWidth="0.5" lineStyle="Solid" lineColor="#000000" /><bottomPen lineWidth="0.5" lineStyle="Solid" lineColor="#000000" /><rightPen lineWidth="0.5" lineStyle="Solid" lineColor="#000000" /></box><textElement textAlignment="Left" verticalAlignment="Top" rotation="None"><font fontName="Arial" pdfFontName="Arial.ttf" size="7" isBold="false" isItalic="false" isUnderline="false" isPdfEmbedded="true" pdfEncoding="CP1252" isStrikeThrough="false" /></textElement><textFieldExpression class="java.lang.String">$F{generate_hard_time_component_report.htc_last_Complied_exec}</textFieldExpression></textField><textField isStretchWithOverflow="true" pattern="" isBlankWhenNull="true" evaluationTime="Now" hyperlinkType="None" hyperlinkTarget="Blank"><reportElement mode="Opaque" x="664" y="0" width="46" height="25" forecolor="#000000" backcolor="#ffffff" key="element-42" stretchType="RelativeToTallestObject" positionType="FixRelativeToTop" isPrintRepeatedValues="true" isRemoveLineWhenBlank="false" isPrintInFirstWholeBand="false" isPrintWhenDetailOverflows="true" /><box topPadding="3" leftPadding="0" bottomPadding="0" rightPadding="3"><pen lineWidth="0.0" /><topPen lineWidth="0.5" lineStyle="Solid" lineColor="#000000" /><leftPen lineWidth="0.5" lineStyle="Solid" lineColor="#000000" /><bottomPen lineWidth="0.5" lineStyle="Solid" lineColor="#000000" /><rightPen lineWidth="0.5" lineStyle="Solid" lineColor="#000000" /></box><textElement textAlignment="Right" verticalAlignment="Top" rotation="None"><font fontName="Arial" pdfFontName="Arial.ttf" size="7" isBold="false" isItalic="false" isUnderline="false" isPdfEmbedded="true" pdfEncoding="CP1252" isStrikeThrough="false" /></textElement><textFieldExpression class="java.lang.String">$F{generate_hard_time_component_report.htc_due_in_terms_of_ac}</textFieldExpression></textField><textField isStretchWithOverflow="true" pattern="" isBlankWhenNull="true" evaluationTime="Now" hyperlinkType="None" hyperlinkTarget="Blank"><reportElement mode="Opaque" x="420" y="0" width="61" height="25" forecolor="#000000" backcolor="#FFFFFF" key="element-46" stretchType="RelativeToTallestObject" positionType="FixRelativeToTop" isPrintRepeatedValues="true" isRemoveLineWhenBlank="false" isPrintInFirstWholeBand="false" isPrintWhenDetailOverflows="true" /><box topPadding="3" leftPadding="0" bottomPadding="0" rightPadding="3"><pen lineWidth="0.0" /><topPen lineWidth="0.5" lineStyle="Solid" lineColor="#000000" /><leftPen lineWidth="0.5" lineStyle="Solid" lineColor="#000000" /><bottomPen lineWidth="0.5" lineStyle="Solid" lineColor="#000000" /><rightPen lineWidth="0.5" lineStyle="Solid" lineColor="#000000" /></box><textElement textAlignment="Right" verticalAlignment="Top"><font fontName="Arial" pdfFontName="Arial" size="7" isBold="false" isItalic="false" isUnderline="false" isPdfEmbedded="true" pdfEncoding="CP1252" isStrikeThrough="false" /></textElement><textFieldExpression><![CDATA[$F{generate_hard_time_component_report.htc_last_performed_date}.replace( "##", " " )]]></textFieldExpression></textField><textField isStretchWithOverflow="true" pattern="" isBlankWhenNull="true" evaluationTime="Now" hyperlinkType="None" hyperlinkTarget="Blank"><reportElement mode="Opaque" x="481" y="0" width="59" height="25" forecolor="#000000" backcolor="#FFFFFF" key="element-47" stretchType="RelativeToTallestObject" positionType="FixRelativeToTop" isPrintRepeatedValues="true" isRemoveLineWhenBlank="false" isPrintInFirstWholeBand="false" isPrintWhenDetailOverflows="true" /><box topPadding="3" leftPadding="0" bottomPadding="0" rightPadding="3"><pen lineWidth="0.0" /><topPen lineWidth="0.5" lineStyle="Solid" lineColor="#000000" /><leftPen lineWidth="0.5" lineStyle="Solid" lineColor="#000000" /><bottomPen lineWidth="0.5" lineStyle="Solid" lineColor="#000000" /><rightPen lineWidth="0.5" lineStyle="Solid" lineColor="#000000" /></box><textElement textAlignment="Right" verticalAlignment="Top"><font fontName="Arial" pdfFontName="Arial" size="7" isBold="false" isItalic="false" isUnderline="false" isPdfEmbedded="true" pdfEncoding="CP1252" isStrikeThrough="false" /></textElement><textFieldExpression><![CDATA[$F{generate_hard_time_component_report.htc_next_scheduled_date}.replace( "##", " " )]]></textFieldExpression></textField><textField isStretchWithOverflow="false" pattern="" isBlankWhenNull="true" evaluationTime="Now" hyperlinkType="None" hyperlinkTarget="Blank"><reportElement mode="Opaque" x="185" y="0" width="50" height="25" forecolor="#000000" backcolor="#ffffff" key="element-48" stretchType="RelativeToTallestObject" positionType="FixRelativeToTop" isPrintRepeatedValues="true" isRemoveLineWhenBlank="false" isPrintInFirstWholeBand="false" isPrintWhenDetailOverflows="true" /><box topPadding="3" leftPadding="3" bottomPadding="0" rightPadding="0"><pen lineWidth="0.0" /><topPen lineWidth="0.5" lineStyle="Solid" lineColor="#000000" /><leftPen lineWidth="0.5" lineStyle="Solid" lineColor="#000000" /><bottomPen lineWidth="0.5" lineStyle="Solid" lineColor="#000000" /><rightPen lineWidth="0.5" lineStyle="Solid" lineColor="#000000" /></box><textElement textAlignment="Left" verticalAlignment="Top" rotation="None"><font fontName="Arial" pdfFontName="Arial.ttf" size="7" isBold="false" isItalic="false" isUnderline="false" isPdfEmbedded="true" pdfEncoding="CP1252" isStrikeThrough="false" /></textElement><textFieldExpression class="java.lang.String">$F{generate_hard_time_component_report.htc_part_no}</textFieldExpression></textField></band></detail><pageFooter><band height="20" splitType="Stretch"><textField isStretchWithOverflow="false" pattern="" isBlankWhenNull="true" evaluationTime="Now" hyperlinkType="None" hyperlinkTarget="Blank" evaluationGroup=""><reportElement mode="Opaque" x="780" y="0" width="10" height="20" forecolor="#000000" backcolor="#ffffff" key="element-14" stretchType="NoStretch" positionType="FixRelativeToTop" isPrintRepeatedValues="true" isRemoveLineWhenBlank="false" isPrintInFirstWholeBand="false" isPrintWhenDetailOverflows="false" /><box topPadding="0" leftPadding="0" bottomPadding="0" rightPadding="0"><pen lineWidth="0.0" /><topPen lineWidth="0.0" lineStyle="Solid" lineColor="#000000" /><leftPen lineWidth="0.0" lineStyle="Solid" lineColor="#000000" /><bottomPen lineWidth="0.0" lineStyle="Solid" lineColor="#000000" /><rightPen lineWidth="0.0" lineStyle="Solid" lineColor="#000000" /></box><textElement textAlignment="Left" verticalAlignment="Top" rotation="None"><font fontName="Arial" pdfFontName="Arial.ttf" size="8" isBold="false" isItalic="false" isUnderline="false" isPdfEmbedded="true" pdfEncoding="CP1252" isStrikeThrough="false" /></textElement><textFieldExpression class="java.lang.Integer">$V{PAGE_NUMBER}</textFieldExpression></textField><staticText><reportElement mode="Opaque" x="790" y="0" width="10" height="20" forecolor="#000000" backcolor="#FFFFFF" key="element-15" stretchType="NoStretch" positionType="FixRelativeToTop" isPrintRepeatedValues="true" isRemoveLineWhenBlank="false" isPrintInFirstWholeBand="false" isPrintWhenDetailOverflows="false" /><box topPadding="0" leftPadding="0" bottomPadding="0" rightPadding="0"><pen lineWidth="0.0" /><topPen lineWidth="0.0" lineStyle="Solid" lineColor="#000000" /><leftPen lineWidth="0.0" lineStyle="Solid" lineColor="#000000" /><bottomPen lineWidth="0.0" lineStyle="Solid" lineColor="#000000" /><rightPen lineWidth="0.0" lineStyle="Solid" lineColor="#000000" /></box><textElement textAlignment="Center" verticalAlignment="Top"><font fontName="Arial" pdfFontName="Arial" size="8" isBold="true" isItalic="false" isUnderline="false" isPdfEmbedded="true" pdfEncoding="CP1252" isStrikeThrough="false" /></textElement><text>of</text></staticText><textField isStretchWithOverflow="false" pattern="" isBlankWhenNull="true" evaluationTime="Now" hyperlinkType="None" hyperlinkTarget="Blank" evaluationGroup=""><reportElement mode="Opaque" x="813" y="15" width="1" height="2" forecolor="#000000" backcolor="#ffffff" key="element-34" stretchType="NoStretch" positionType="FixRelativeToTop" isPrintRepeatedValues="true" isRemoveLineWhenBlank="false" isPrintInFirstWholeBand="false" isPrintWhenDetailOverflows="false" /><box topPadding="0" leftPadding="0" bottomPadding="0" rightPadding="0"><pen lineWidth="0.0" /><topPen lineWidth="0.0" lineStyle="Solid" lineColor="#000000" /><leftPen lineWidth="0.0" lineStyle="Solid" lineColor="#000000" /><bottomPen lineWidth="0.0" lineStyle="Solid" lineColor="#000000" /><rightPen lineWidth="0.0" lineStyle="Solid" lineColor="#000000" /></box><textElement textAlignment="Left" verticalAlignment="Top" rotation="None"><font fontName="Arial" pdfFontName="Arial.ttf" size="12" isBold="false" isItalic="false" isUnderline="false" isPdfEmbedded="true" pdfEncoding="CP1252" isStrikeThrough="false" /></textElement><textFieldExpression class="java.lang.Integer">$V{PAGE_NUMBER}</textFieldExpression></textField><textField isStretchWithOverflow="false" pattern="" isBlankWhenNull="true" evaluationTime="Now" hyperlinkType="None" hyperlinkTarget="Blank" evaluationGroup=""><reportElement mode="Opaque" x="786" y="13" width="1" height="2" forecolor="#000000" backcolor="#ffffff" key="element-35" stretchType="NoStretch" positionType="FixRelativeToTop" isPrintRepeatedValues="true" isRemoveLineWhenBlank="false" isPrintInFirstWholeBand="false" isPrintWhenDetailOverflows="false" /><box topPadding="0" leftPadding="0" bottomPadding="0" rightPadding="0"><pen lineWidth="0.0" /><topPen lineWidth="0.0" lineStyle="Solid" lineColor="#000000" /><leftPen lineWidth="0.0" lineStyle="Solid" lineColor="#000000" /><bottomPen lineWidth="0.0" lineStyle="Solid" lineColor="#000000" /><rightPen lineWidth="0.0" lineStyle="Solid" lineColor="#000000" /></box><textElement textAlignment="Left" verticalAlignment="Top" rotation="None"><font fontName="Arial" pdfFontName="Arial.ttf" size="12" isBold="false" isItalic="false" isUnderline="false" isPdfEmbedded="true" pdfEncoding="CP1252" isStrikeThrough="false" /></textElement><textFieldExpression class="java.lang.Integer">$V{PAGE_NUMBER}</textFieldExpression></textField><textField isStretchWithOverflow="false" pattern="" isBlankWhenNull="true" evaluationTime="Report" hyperlinkType="None" hyperlinkTarget="Blank" evaluationGroup=""><reportElement mode="Opaque" x="801" y="0" width="10" height="20" forecolor="#000000" backcolor="#ffffff" key="element-36" stretchType="NoStretch" positionType="FixRelativeToTop" isPrintRepeatedValues="true" isRemoveLineWhenBlank="false" isPrintInFirstWholeBand="false" isPrintWhenDetailOverflows="false" /><box topPadding="0" leftPadding="0" bottomPadding="0" rightPadding="0"><pen lineWidth="0.0" /><topPen lineWidth="0.0" lineStyle="Solid" lineColor="#000000" /><leftPen lineWidth="0.0" lineStyle="Solid" lineColor="#000000" /><bottomPen lineWidth="0.0" lineStyle="Solid" lineColor="#000000" /><rightPen lineWidth="0.0" lineStyle="Solid" lineColor="#000000" /></box><textElement textAlignment="Left" verticalAlignment="Top" rotation="None"><font fontName="Arial" pdfFontName="Arial.ttf" size="8" isBold="false" isItalic="false" isUnderline="false" isPdfEmbedded="true" pdfEncoding="CP1252" isStrikeThrough="false" /></textElement><textFieldExpression class="java.lang.Integer">$V{PAGE_NUMBER}</textFieldExpression></textField><staticText><reportElement mode="Opaque" x="0" y="0" width="60" height="20" forecolor="#000000" backcolor="#FFFFFF" key="element-43" stretchType="NoStretch" positionType="FixRelativeToTop" isPrintRepeatedValues="true" isRemoveLineWhenBlank="false" isPrintInFirstWholeBand="false" isPrintWhenDetailOverflows="false" /><box topPadding="0" leftPadding="0" bottomPadding="0" rightPadding="0"><pen lineWidth="0.0" /><topPen lineWidth="0.0" lineStyle="Solid" lineColor="#000000" /><leftPen lineWidth="0.0" lineStyle="Solid" lineColor="#000000" /><bottomPen lineWidth="0.0" lineStyle="Solid" lineColor="#000000" /><rightPen lineWidth="0.0" lineStyle="Solid" lineColor="#000000" /></box><textElement textAlignment="Center" verticalAlignment="Top"><font fontName="Arial" pdfFontName="Arial" size="8" isBold="true" isItalic="false" isUnderline="false" isPdfEmbedded="true" pdfEncoding="CP1252" isStrikeThrough="false" /></textElement><text>Generated On :</text></staticText><textField isStretchWithOverflow="false" pattern="" isBlankWhenNull="true" evaluationTime="Now" hyperlinkType="None" hyperlinkTarget="Blank"><reportElement mode="Opaque" x="60" y="0" width="198" height="20" forecolor="#000000" backcolor="#FFFFFF" key="element-45" stretchType="NoStretch" positionType="FixRelativeToTop" isPrintRepeatedValues="true" isRemoveLineWhenBlank="false" isPrintInFirstWholeBand="false" isPrintWhenDetailOverflows="false" /><box topPadding="0" leftPadding="0" bottomPadding="0" rightPadding="0"><pen lineWidth="0.0" /><topPen lineWidth="0.0" lineStyle="Solid" lineColor="#000000" /><leftPen lineWidth="0.0" lineStyle="Solid" lineColor="#000000" /><bottomPen lineWidth="0.0" lineStyle="Solid" lineColor="#000000" /><rightPen lineWidth="0.0" lineStyle="Solid" lineColor="#000000" /></box><textElement textAlignment="Left" verticalAlignment="Top"><font fontName="Arial" pdfFontName="Arial" size="8" isBold="false" isItalic="false" isUnderline="false" isPdfEmbedded="true" pdfEncoding="CP1252" isStrikeThrough="false" /></textElement><textFieldExpression><![CDATA[new SimpleDateFormat("dd/MM/yyyy").format(new SimpleDateFormat("yyyy-MM-dd").parse($F{generate_hard_time_component_report.rpt_gen_date_hdr}))]]></textFieldExpression></textField><staticText><reportElement mode="Opaque" x="733" y="0" width="47" height="20" forecolor="#000000" backcolor="#FFFFFF" key="element-52" stretchType="NoStretch" positionType="FixRelativeToTop" isPrintRepeatedValues="true" isRemoveLineWhenBlank="false" isPrintInFirstWholeBand="false" isPrintWhenDetailOverflows="false" /><box topPadding="0" leftPadding="0" bottomPadding="0" rightPadding="0"><pen lineWidth="0.0" /><topPen lineWidth="0.0" lineStyle="Solid" lineColor="#000000" /><leftPen lineWidth="0.0" lineStyle="Solid" lineColor="#000000" /><bottomPen lineWidth="0.0" lineStyle="Solid" lineColor="#000000" /><rightPen lineWidth="0.0" lineStyle="Solid" lineColor="#000000" /></box><textElement textAlignment="Center" verticalAlignment="Top"><font fontName="Arial" pdfFontName="Arial" size="8" isBold="true" isItalic="false" isUnderline="false" isPdfEmbedded="true" pdfEncoding="CP1252" isStrikeThrough="false" /></textElement><text>Page</text></staticText></band></pageFooter></jasperReport>
