
---------
USE DEPDB


----
GO


-------------------------------------------------------------------------------------------------------------------------------------------------------------------------------------------------------------------------

		DECLARE	@RT20		Varchar(5)
		SELECT @RT20 ='N'

		IF EXISTS (SELECT 1 FROM	SYS.COLUMNS WHERE OBJECT_NAME(object_id) ='fw_req_activity_ilbo_task' and NAME='ActivityName')
		BEGIN
			SELECT @RT20 ='Y'
		END
		


---------------------------------------------
--insert into the fw_req_component_local_info


-------------------------------------------------------------------------------------------------------------------------------------------------------------------------------------------------------------------------------------------------------------------------------------------------------------------------------------------------------------------------------------------------------------------------------------------------------------------------------------------------------------------------------------------------------------------------------------------------------------------------------------------------------------------------------------------------------------------------------------------------------------------------------------------------------------------------------------------------------
if not exists(select 1 from fw_req_component_local_info where ComponentName = 'bascapplng')begininsert into fw_req_component_local_info(ComponentName,LangId,ComponentDesc,HelpFileName,ToolTipText,UpdUser,UpdTime) values('bascapplng','1    ','Central Planning','','edk','9975',getdate())end


----------------------------------------------------
--Inserting data into table fw_req_process_component


----------------------------------------------------------------------------------------------------------------------------------------------------------------------------------------------------------------------------------------------------------------------------------------------------------------------------------------------------------------------------------------------------------------------------------------------------------
if not exists(select 1 from fw_req_process_component where componentname = 'bascapplng')begininsert into fw_req_process_component(ComponentName,ComponentDesc,ParentProcess,UpdUser,UpdTime,SequenceNo) values('bascapplng','Central Planning','ELAL','9975',getdate(),1)end


-------------------------------------------
--Inserting data into table fw_req_activity


---------------------------------------------------------------------------------------------------------------------------------------------------------------------------------------------------------------------------------------------------------------------------------------------------------------------------------------------------------------------------------------------------------------------------------------------------------------------------------------------------------------------------------------------------------------
if not exists(select 1 from fw_req_activity where activityid = 91110627)begininsert into fw_req_activity(ActivityId,ActivityName,ActivityDesc,ComponentName,ActivityType,  
	ActivityPosition,ActivitySequence,IsWFEnabled,UpdUser,UpdTime,EDKActivity) values(91110627,'hard_time_component','Hard Time Component Report','bascapplng',1,1,0,0,'DMUSER',getdate(),1)end


---------------------------------------
--Inserting data into table fw_req_task


-----------------------------------------------------------------------------------------------------------------------------------------------------------------------------------------------------------------------------------------------------------------------------------------------------------------------------------------------------
if not exists(select 1 from fw_req_task where TaskName = 'GAEDK_HTCP_FETCH')begininsert into fw_req_task(TaskName,TaskType,TaskDesc,UpdUser,UpdTime) values('GAEDK_HTCP_FETCH','FETCH     ','FETCH','DMUSER',getdate())end


--------------------------------------------------------------------------------------------------------
--Inserting data into table fw_req_activity_ilbo_task GAEDK_HTCP_FETCH


----------------------

IF	@RT20 ='N'
BEGIN


-------------
SELECT @RT20 


------------------------------------------------------------------------------------------------------------------------------------------------------------------------------------------------------------------------------------------------------------------------------------------------------------------------------------------------------------------------------------------------------------------------------------------------------------------------------------------------------------------------------------------------------
if not exists(select 1 from fw_req_activity_ilbo_task where activityid = 91110627and TaskName ='GAEDK_HTCP_FETCH')begininsert into fw_req_activity_ilbo_task(ActivityId,ILBOCode,TaskName,UpdUser,UpdTime,DataSavingTask,LinkType,Taskconfirmation) values(91110627,'UI_HARD_TIME_COMPONENT_REPORT','GAEDK_HTCP_FETCH','DMUSER',getdate(),0,0,0)end


------------------

END
ELSE
BEGIN


-------------
SELECT @RT20 


-------------------------------------------------------------------------------------------------------------------------------------------------------------------------------------------------------------------------------------------------------------------------------------------------------------------------------------------------------------------------------------------------------------------------------------------------------------------------------------------------------------------------------------------------------------------------------------------------------------------------------------------------------------
EXEC (' if not exists(select 1 from fw_req_activity_ilbo_task where activityid = 91110627 and TaskName =''GAEDK_HTCP_FETCH'')beginINSERT INTO fw_req_activity_ilbo_task(ActivityId,ILBOCode,TaskName,UpdUser,UpdTime,DataSavingTask,LinkType,Taskconfirmation,ActivityName,ServiceName) VALUES(91110627,''UI_HARD_TIME_COMPONENT_REPORT'',''GAEDK_HTCP_FETCH'',''DMUSER'',getdate(),0,0,0,''hard_time_component'', 
					 Null)end')


----
END 


-----------------------------------------------------------------------------------------------------------------------------------------------------------------------------------------------------------------------------------------------------------------------------------------------------------------------------------------------------
if not exists(select 1 from fw_req_task where TaskName = 'GAEDK_HTCP_GENERATE_HTC_BUTTON')begininsert into fw_req_task(TaskName,TaskType,TaskDesc,UpdUser,UpdTime) values('GAEDK_HTCP_GENERATE_HTC_BUTTON','REPORT    ','GENERATE HARD TIME COMPONENT REPORT','DMUSER',getdate())end


--------------------------------------------------------------------------------------------------------
--Inserting data into table fw_req_activity_ilbo_task GAEDK_HTCP_GENERATE_HTC_BUTTON


----------------------

IF	@RT20 ='N'
BEGIN


-------------
SELECT @RT20 


------------------------------------------------------------------------------------------------------------------------------------------------------------------------------------------------------------------------------------------------------------------------------------------------------------------------------------------------------------------------------------------------------------------------------------------------------------------------------------------------------------------------------------------------------
if not exists(select 1 from fw_req_activity_ilbo_task where activityid = 91110627and TaskName ='GAEDK_HTCP_GENERATE_HTC_BUTTON')begininsert into fw_req_activity_ilbo_task(ActivityId,ILBOCode,TaskName,UpdUser,UpdTime,DataSavingTask,LinkType,Taskconfirmation) values(91110627,'UI_HARD_TIME_COMPONENT_REPORT','GAEDK_HTCP_GENERATE_HTC_BUTTON','DMUSER',getdate(),0,0,0)end


------------------

END
ELSE
BEGIN


-------------
SELECT @RT20 


-------------------------------------------------------------------------------------------------------------------------------------------------------------------------------------------------------------------------------------------------------------------------------------------------------------------------------------------------------------------------------------------------------------------------------------------------------------------------------------------------------------------------------------------------------------------------------------------------------------------------------------------------------------
EXEC (' if not exists(select 1 from fw_req_activity_ilbo_task where activityid = 91110627 and TaskName =''GAEDK_HTCP_GENERATE_HTC_BUTTON'')beginINSERT INTO fw_req_activity_ilbo_task(ActivityId,ILBOCode,TaskName,UpdUser,UpdTime,DataSavingTask,LinkType,Taskconfirmation,ActivityName,ServiceName) VALUES(91110627,''UI_HARD_TIME_COMPONENT_REPORT'',''GAEDK_HTCP_GENERATE_HTC_BUTTON'',''DMUSER'',getdate(),0,0,0,''hard_time_component'', 
					 Null)end')


----
END 


-----------------------------------------------------------------------------------------------------------------------------------------------------------------------------------------------------------------------------------------------------------------------------------------------------------------------------------------------------
if not exists(select 1 from fw_req_task where TaskName = 'GAEDK_HTCP_INITIALIZE')begininsert into fw_req_task(TaskName,TaskType,TaskDesc,UpdUser,UpdTime) values('GAEDK_HTCP_INITIALIZE','INITIALIZE','INITIALIZE','DMUSER',getdate())end


--------------------------------------------------------------------------------------------------------
--Inserting data into table fw_req_activity_ilbo_task GAEDK_HTCP_INITIALIZE


----------------------

IF	@RT20 ='N'
BEGIN


-------------
SELECT @RT20 


------------------------------------------------------------------------------------------------------------------------------------------------------------------------------------------------------------------------------------------------------------------------------------------------------------------------------------------------------------------------------------------------------------------------------------------------------------------------------------------------------------------------------------------------------
if not exists(select 1 from fw_req_activity_ilbo_task where activityid = 91110627and TaskName ='GAEDK_HTCP_INITIALIZE')begininsert into fw_req_activity_ilbo_task(ActivityId,ILBOCode,TaskName,UpdUser,UpdTime,DataSavingTask,LinkType,Taskconfirmation) values(91110627,'UI_HARD_TIME_COMPONENT_REPORT','GAEDK_HTCP_INITIALIZE','DMUSER',getdate(),0,0,0)end


------------------

END
ELSE
BEGIN


-------------
SELECT @RT20 


-------------------------------------------------------------------------------------------------------------------------------------------------------------------------------------------------------------------------------------------------------------------------------------------------------------------------------------------------------------------------------------------------------------------------------------------------------------------------------------------------------------------------------------------------------------------------------------------------------------------------------------------------------------
EXEC (' if not exists(select 1 from fw_req_activity_ilbo_task where activityid = 91110627 and TaskName =''GAEDK_HTCP_INITIALIZE'')beginINSERT INTO fw_req_activity_ilbo_task(ActivityId,ILBOCode,TaskName,UpdUser,UpdTime,DataSavingTask,LinkType,Taskconfirmation,ActivityName,ServiceName) VALUES(91110627,''UI_HARD_TIME_COMPONENT_REPORT'',''GAEDK_HTCP_INITIALIZE'',''DMUSER'',getdate(),0,0,0,''hard_time_component'', 
					 Null)end')


----
END 


------------------------------------------------
--Inserting data into table fw_req_activity_ilbo


----------------------

IF	@RT20 ='N'
BEGIN


-------------
SELECT @RT20 


---------------------------------------------------------------------------------------------------------------------------------------------------------------------------------------------------------------------------------------------------------------------------------------------------------------------------------------------------------------------------------------------------------------------------------------------------------
if not exists(select 1 from fw_req_activity_ilbo where activityid = 91110627 and  ilbocode = 'UI_Hard_Time_Component_Report')begininsert into fw_req_activity_ilbo(ActivityId,ilbocode,UpdUser,UpdTime) values(91110627,'UI_Hard_Time_Component_Report','DMUSER',getdate())end


---------------------------------------
--Inserting data into table fw_req_ilbo


------------------------------------------------------------------------------------------------------------------------------------------------------------------------------------------------------------------------------------------------------------------------------------------------------------------------------------------------------------------------------------------------------------------------------------------------------------------------------------------------------------------------------------------------------------------------------------------------------------------------------------------------------------------------------------------------------------------------------------------------------------------------------------------------------------------------------------------------------------------------------------------------------------------------------------------------------------------------------------------------------------------------------------------------------------------------------------------------------------------------------------
if not exists(select 1 from fw_req_ilbo where ILBOCODE = 'UI_Hard_Time_Component_Report')begininsert into fw_req_ilbo(ILBOCode,Description,ASPOFilePath,ProgID,StatusFlag,ILBOType,UpdUser,UpdTime) values('UI_Hard_Time_Component_Report','Hard Time Component Report','','','0','4','DMUSER',getdate())end


------------------

END
ELSE
BEGIN


-------------
SELECT @RT20 


----------------------------------------------------------------------------------------------------------------------------------------------------------------------------------------------------------------------------------------------------------------------------------------------------------------------------------------------------------------------------------------------------------------------------------------------------------------------------------------------------------------------------------
EXEC ('if not exists(select 1 from fw_req_activity_ilbo where activityid = 91110627 and  ilbocode = ''UI_Hard_Time_Component_Report'')begininsert into fw_req_activity_ilbo(ActivityId,ilbocode,UpdUser,UpdTime,ActivityName) values(91110627,''UI_Hard_Time_Component_Report'',''DMUSER'',getdate(),''hard_time_component'')end')


---------------------------------------
--Inserting data into table fw_req_ilbo


------------------------------------------------------------------------------------------------------------------------------------------------------------------------------------------------------------------------------------------------------------------------------------------------------------------------------------------------------------------------------------------------------------------------------------------------------------------------------------------------------------------------------------------------------------------------------------------------------------------------------------------------------------------------------------------------------------------------------------------------------------------------------------------------------------------------------------------------------------------------------------------------------------------------------------------------------------------------------------------------------------------------------------------------------------------------------------------------------------------------------------
if not exists(select 1 from fw_req_ilbo where ILBOCODE = 'UI_Hard_Time_Component_Report')begininsert into fw_req_ilbo(ILBOCode,Description,ASPOFilePath,ProgID,StatusFlag,ILBOType,UpdUser,UpdTime) values('UI_Hard_Time_Component_Report','Hard Time Component Report','','','0','4','DMUSER',getdate())end


----
END


------------------------------------------
--Inserting data into table fw_des_service


--------------------------------------------------------------------------------------------------------------------------------------------------------------------------------------------------------------------------------------------------------------------------------------------------------------------------------------------------
if not exists(select 1 from fw_des_service a where a. ServiceName =  'GAEDKHTCPFETCH_SRV')begininsert into fw_des_service(ServiceName,ComponentName,ServiceType,IsIntegSer,StatusFlag,UpdUser,UpdTime) values('GAEDKHTCPFETCH_SRV','bascapplng',0,0,1,'DMUSER',getdate())end


--------------------------------------------------------------------------------------------------------------------------------------------------------------------------------------------------------------------------------------------------------------------------------------------------------------------------------------------------
if not exists(select 1 from fw_des_service a where a. ServiceName =  'GAEDKHTCPGENERAREPORT_SRV')begininsert into fw_des_service(ServiceName,ComponentName,ServiceType,IsIntegSer,StatusFlag,UpdUser,UpdTime) values('GAEDKHTCPGENERAREPORT_SRV','bascapplng',0,0,1,'DMUSER',getdate())end


--------------------------------------------------------------------------------------------------------------------------------------------------------------------------------------------------------------------------------------------------------------------------------------------------------------------------------------------------
if not exists(select 1 from fw_des_service a where a. ServiceName =  'GAEDKHTCPINITIALIZE_SRV')begininsert into fw_des_service(ServiceName,ComponentName,ServiceType,IsIntegSer,StatusFlag,UpdUser,UpdTime) values('GAEDKHTCPINITIALIZE_SRV','bascapplng',0,0,1,'DMUSER',getdate())end


-----------------------------------------------------
--Inserting data into table fw_admin_Activity_Service


----------------------

IF	@RT20 ='N'
BEGIN


-------------
SELECT @RT20 


--------------------------------------------------------------------------------------------------------------------------------------------------------------------------------------------------------------------------------------------------------------------------------------------------------------------------------
if not exists(select 1 from fw_admin_Activity_Service where activityid = 91110627 AND ServiceName = 'GAEDKHTCPFETCH_SRV')begininsert into fw_admin_Activity_Service(ActivityId,ServiceName,UpdUser,UpdTime) values(91110627,'GAEDKHTCPFETCH_SRV','DMUSER',getdate())end
if not exists(select 1 from fw_admin_Activity_Service where activityid = 91110627 AND ServiceName = 'GAEDKHTCPGENERAREPORT_SRV')begininsert into fw_admin_Activity_Service(ActivityId,ServiceName,UpdUser,UpdTime) values(91110627,'GAEDKHTCPGENERAREPORT_SRV','DMUSER',getdate())end
if not exists(select 1 from fw_admin_Activity_Service where activityid = 91110627 AND ServiceName = 'GAEDKHTCPINITIALIZE_SRV')begininsert into fw_admin_Activity_Service(ActivityId,ServiceName,UpdUser,UpdTime) values(91110627,'GAEDKHTCPINITIALIZE_SRV','DMUSER',getdate())end


------------------
END
ELSE
BEGIN


-------------
SELECT @RT20 


---------------------------------------------------------------------------------------------------------------------------------------------------------------------------------------------------------------------------------------------------------------------------------------------------------------------------------------------------------------------------------------------------------
EXEC ('if not exists(select 1 from fw_admin_Activity_Service where activityid = 91110627 AND ServiceName = ''GAEDKHTCPFETCH_SRV'')begininsert into fw_admin_Activity_Service(ActivityId,ServiceName,UpdUser,UpdTime,ActivityName) values(91110627,''GAEDKHTCPFETCH_SRV'',''DMUSER'',getdate(),''hard_time_component'')end')
EXEC ('if not exists(select 1 from fw_admin_Activity_Service where activityid = 91110627 AND ServiceName = ''GAEDKHTCPGENERAREPORT_SRV'')begininsert into fw_admin_Activity_Service(ActivityId,ServiceName,UpdUser,UpdTime,ActivityName) values(91110627,''GAEDKHTCPGENERAREPORT_SRV'',''DMUSER'',getdate(),''hard_time_component'')end')
EXEC ('if not exists(select 1 from fw_admin_Activity_Service where activityid = 91110627 AND ServiceName = ''GAEDKHTCPINITIALIZE_SRV'')begininsert into fw_admin_Activity_Service(ActivityId,ServiceName,UpdUser,UpdTime,ActivityName) values(91110627,''GAEDKHTCPINITIALIZE_SRV'',''DMUSER'',getdate(),''hard_time_component'')end')


----
END


------------------------------------------------------
--Inserting data into table fw_req_activity_local_info


---------------------

IF	@RT20='N'
begin


-------------
SELECT @RT20 


----------------------------------------------------------------------------------------------------------------------------------------------------------------------------------------------------------------------------------------------------------------------------------------------------------------------------------------------------------------------------------------------------------------------------------------------------------------------------------------------------------------------------------------------------------
if not exists(select 1 from fw_req_activity_local_info where activityid = 91110627)begininsert into fw_req_activity_local_info(ActivityId,LangId,ActivityDesc,HelpIndex,ToolTipText,UpdUser,UpdTime) values(91110627,1,'Hard Time Component Report',0,'edkact','DMUSER',getdate())end


----------------
END
ELSE
BEGIN


-------------
SELECT @RT20 


-----------------------------------------------------------------------------------------------------------------------------------------------------------------------------------------------------------------------------------------------------------------------------------------------------------------------------------------------------------------------------------------------------------------------------------------------------------------------------------------------------------------------------------------------------------------------------------------------------------------------------------
EXEC ('if not exists(select 1 from fw_req_activity_local_info where activityid = 91110627)begininsert into fw_req_activity_local_info(ActivityId,LangId,ActivityDesc,HelpIndex,ToolTipText,UpdUser,UpdTime,ActivityName) values(91110627,1,''Hard Time Component Report'',0,''edkact'',''DMUSER'',getdate(),''hard_time_component'')end')


----
END


----------------------------------------------------------------
--Inserting data into table fw_req_activity_ilbo_task_local_info


---------------------

IF @RT20='N'
BEGIN


-------------
SELECT @RT20 


-----------------------------------------------------------------------------------------------------------------------------------------------------------------------------------------------------------------------------------------------------------------------------------------------------------------------------------------------------------------------------------------------------------------------------------------------------------------------------------------------------------------------------------------------------------------------------------------------------------------------------------------------------------------------------------------------------------------------------------------------------------------------------------------------------------------------------------------------------------------------------------------------------------------------------------------------------------------------------------------------------------------------------------------------------------------------------------------------------------
if not exists(select 1 from fw_req_activity_ilbo_task_local_info where activityid = 91110627 and ILBOCode = 'UI_Hard_Time_Component_Report' and TaskName = 'GAEDK_HTCP_FETCH')beginINSERT INTO fw_req_activity_ilbo_task_local_info ( ActivityId ,ILBOCode,ILBODescription,TaskName,TaskDesc,LangId,UpdUser,UpdTime)values(91110627,'UI_HARD_TIME_COMPONENT_REPORT','Hard Time Component Report','GAEDK_HTCP_FETCH','FETCH',1,'System',getdate())end


----------------
END
ELSE
BEGIN


-------------
SELECT @RT20 


--------------------------------------------------------------------------------------------------------------------------------------------------------------------------------------------------------------------------------------------------------------------------------------------------------------------------------------------------------------------------------------------------------------------------------------------------------------------------------------------------------------------------------------------------------------------------------------------------------------------------------------------------------------------------------------------------------------------------------------------------------------------------------------------------------------------------------------------------------------------------------------------------------------------------------------------------------------------------------------------------------------------------------------------------------------------------------------------------------------------------------------------------------------------------------------------
EXEC ('if not exists(select 1 from fw_req_activity_ilbo_task_local_info where activityid = 91110627 and ILBOCode = ''UI_Hard_Time_Component_Report'' and TaskName = ''GAEDK_HTCP_FETCH'')beginINSERT INTO fw_req_activity_ilbo_task_local_info ( ActivityId ,ILBOCode,ILBODescription,TaskName,TaskDesc,LangId,UpdUser,UpdTime,Activityname)values(91110627,''UI_HARD_TIME_COMPONENT_REPORT'',''Hard Time Component Report'',''GAEDK_HTCP_FETCH'',''FETCH'',1,''System'',getdate(),''hard_time_component'')end')


----
END


---------------------

IF @RT20='N'
BEGIN


-------------
SELECT @RT20 


-----------------------------------------------------------------------------------------------------------------------------------------------------------------------------------------------------------------------------------------------------------------------------------------------------------------------------------------------------------------------------------------------------------------------------------------------------------------------------------------------------------------------------------------------------------------------------------------------------------------------------------------------------------------------------------------------------------------------------------------------------------------------------------------------------------------------------------------------------------------------------------------------------------------------------------------------------------------------------------------------------------------------------------------------------------------------------------------------------------
if not exists(select 1 from fw_req_activity_ilbo_task_local_info where activityid = 91110627 and ILBOCode = 'UI_Hard_Time_Component_Report' and TaskName = 'GAEDK_HTCP_GENERATE_HTC_BUTTON')beginINSERT INTO fw_req_activity_ilbo_task_local_info ( ActivityId ,ILBOCode,ILBODescription,TaskName,TaskDesc,LangId,UpdUser,UpdTime)values(91110627,'UI_HARD_TIME_COMPONENT_REPORT','Hard Time Component Report','GAEDK_HTCP_GENERATE_HTC_BUTTON','GENERATE HARD TIME COMPONENT REPORT',1,'System',getdate())end


----------------
END
ELSE
BEGIN


-------------
SELECT @RT20 


--------------------------------------------------------------------------------------------------------------------------------------------------------------------------------------------------------------------------------------------------------------------------------------------------------------------------------------------------------------------------------------------------------------------------------------------------------------------------------------------------------------------------------------------------------------------------------------------------------------------------------------------------------------------------------------------------------------------------------------------------------------------------------------------------------------------------------------------------------------------------------------------------------------------------------------------------------------------------------------------------------------------------------------------------------------------------------------------------------------------------------------------------------------------------------------------
EXEC ('if not exists(select 1 from fw_req_activity_ilbo_task_local_info where activityid = 91110627 and ILBOCode = ''UI_Hard_Time_Component_Report'' and TaskName = ''GAEDK_HTCP_GENERATE_HTC_BUTTON'')beginINSERT INTO fw_req_activity_ilbo_task_local_info ( ActivityId ,ILBOCode,ILBODescription,TaskName,TaskDesc,LangId,UpdUser,UpdTime,Activityname)values(91110627,''UI_HARD_TIME_COMPONENT_REPORT'',''Hard Time Component Report'',''GAEDK_HTCP_GENERATE_HTC_BUTTON'',''GENERATE HARD TIME COMPONENT REPORT'',1,''System'',getdate(),''hard_time_component'')end')


----
END


---------------------

IF @RT20='N'
BEGIN


-------------
SELECT @RT20 


-----------------------------------------------------------------------------------------------------------------------------------------------------------------------------------------------------------------------------------------------------------------------------------------------------------------------------------------------------------------------------------------------------------------------------------------------------------------------------------------------------------------------------------------------------------------------------------------------------------------------------------------------------------------------------------------------------------------------------------------------------------------------------------------------------------------------------------------------------------------------------------------------------------------------------------------------------------------------------------------------------------------------------------------------------------------------------------------------------------
if not exists(select 1 from fw_req_activity_ilbo_task_local_info where activityid = 91110627 and ILBOCode = 'UI_Hard_Time_Component_Report' and TaskName = 'GAEDK_HTCP_INITIALIZE')beginINSERT INTO fw_req_activity_ilbo_task_local_info ( ActivityId ,ILBOCode,ILBODescription,TaskName,TaskDesc,LangId,UpdUser,UpdTime)values(91110627,'UI_HARD_TIME_COMPONENT_REPORT','Hard Time Component Report','GAEDK_HTCP_INITIALIZE','INITIALIZE',1,'System',getdate())end


----------------
END
ELSE
BEGIN


-------------
SELECT @RT20 


--------------------------------------------------------------------------------------------------------------------------------------------------------------------------------------------------------------------------------------------------------------------------------------------------------------------------------------------------------------------------------------------------------------------------------------------------------------------------------------------------------------------------------------------------------------------------------------------------------------------------------------------------------------------------------------------------------------------------------------------------------------------------------------------------------------------------------------------------------------------------------------------------------------------------------------------------------------------------------------------------------------------------------------------------------------------------------------------------------------------------------------------------------------------------------------------
EXEC ('if not exists(select 1 from fw_req_activity_ilbo_task_local_info where activityid = 91110627 and ILBOCode = ''UI_Hard_Time_Component_Report'' and TaskName = ''GAEDK_HTCP_INITIALIZE'')beginINSERT INTO fw_req_activity_ilbo_task_local_info ( ActivityId ,ILBOCode,ILBODescription,TaskName,TaskDesc,LangId,UpdUser,UpdTime,Activityname)values(91110627,''UI_HARD_TIME_COMPONENT_REPORT'',''Hard Time Component Report'',''GAEDK_HTCP_INITIALIZE'',''INITIALIZE'',1,''System'',getdate(),''hard_time_component'')end')


----
END

